occ_code,occ_name,group_name
193022,Survey Researchers,Survey Researchers
299092,Genetic Counselors,Genetic Counselors
250000,"Education, Training, and Library Occupations","Education, Training, and Library Occupations"
132051,Financial Analysts,Financial Analysts
132072,Loan Officers,Loan Officers
299011,Occupational Health and Safety Specialists,Occupational Health and Safety Specialists
517021,Furniture Finishers,Woodworkers
517041,"Sawing Machine Setters, Operators, and Tenders, Wood",Woodworkers
517042,"Woodworking Machine Setters, Operators, and Tenders, Except Sawing",Woodworkers
517011,Cabinetmakers and Bench Carpenters,Woodworkers
210000,Community and Social Service Occupations,Community and Social Service Occupations
474021,Elevator Installers and Repairers,Elevator Installers and Repairers
119051,Food Service Managers,Food Service Managers
151132,"Software Developers, Applications",Software Developers
151133,"Software Developers, Systems Software",Software Developers
172141,Mechanical Engineers,Mechanical Engineers
272021,Athletes and Sports Competitors,Athletes and Sports Competitors
172151,"Mining and Geological Engineers, Including Mining Safety Engineers",Mining and Geological Engineers
194092,Forensic Science Technicians,Forensic Science Technicians
232091,Court Reporters,Court Reporters
493023,Automotive Service Technicians and Mechanics,Automotive Service Technicians and Mechanics
271025,Interior Designers,Interior Designers
299012,Occupational Health and Safety Technicians,Occupational Health and Safety Technicians
472021,Brickmasons and Blockmasons,Masonry Workers
474091,Segmental Pavers,Masonry Workers
472053,Terrazzo Workers and Finishers,Masonry Workers
472051,Cement Masons and Concrete Finishers,Masonry Workers
472022,Stonemasons,Masonry Workers
290000,Healthcare Practitioners and Technical Occupations,Healthcare Practitioners and Technical Occupations
271011,Art Directors,Art Directors
119151,Social and Community Service Managers,Social and Community Service Managers
490000,"Installation, Maintenance, and Repair Occupations","Installation, Maintenance, and Repair Occupations"
113021,Computer and Information Systems Managers,Computer and Information Systems Managers
291128,Exercise Physiologists,Exercise Physiologists
132031,Budget Analysts,Budget Analysts
292021,Dental Hygienists,Dental Hygienists
194021,Biological Technicians,Biological Technicians
373011,Landscaping and Groundskeeping Workers,Grounds Maintenance Workers
373019,"Grounds Maintenance Workers, All Other",Grounds Maintenance Workers
373013,Tree Trimmers and Pruners,Grounds Maintenance Workers
373012,"Pesticide Handlers, Sprayers, and Applicators, Vegetation",Grounds Maintenance Workers
433011,Bill and Account Collectors,Bill and Account Collectors
131111,Management Analysts,Management Analysts
254011,Archivists,"Archivists, Curators, and Museum Workers"
254012,Curators,"Archivists, Curators, and Museum Workers"
254013,Museum Technicians and Conservators,"Archivists, Curators, and Museum Workers"
439031,Desktop Publishers,Desktop Publishers
535011,Sailors and Marine Oilers,Water Transportation Workers
535022,Motorboat Operators,Water Transportation Workers
535031,Ship Engineers,Water Transportation Workers
535021,"Captains, Mates, and Pilots of Water Vessels",Water Transportation Workers
193032,Industrial-Organizational Psychologists,Psychologists
193031,"Clinical, Counseling, and School Psychologists",Psychologists
193039,"Psychologists, All Other",Psychologists
493051,Motorboat Mechanics and Service Technicians,Small Engine Mechanics
493052,Motorcycle Mechanics,Small Engine Mechanics
493053,Outdoor Power Equipment and Other Small Engine Mechanics,Small Engine Mechanics
353011,Bartenders,Bartenders
252021,"Elementary School Teachers, Except Special Education",Kindergarten and Elementary School Teachers
252012,"Kindergarten Teachers, Except Special Education",Kindergarten and Elementary School Teachers
414011,"Sales Representatives, Wholesale and Manufacturing, Technical and Scientific Products",Wholesale and Manufacturing Sales Representatives
414012,"Sales Representatives, Wholesale and Manufacturing, Except Technical and Scientific Products",Wholesale and Manufacturing Sales Representatives
399011,Childcare Workers,Childcare Workers
193051,Urban and Regional Planners,Urban and Regional Planners
292061,Licensed Practical and Licensed Vocational Nurses,Licensed Practical and Licensed Vocational Nurses
499062,Medical Equipment Repairers,Medical Equipment Repairers
518031,Water and Wastewater Treatment Plant and System Operators,Water and Wastewater Treatment Plant and System Operators
192043,Hydrologists,Hydrologists
493031,Bus and Truck Mechanics and Diesel Engine Specialists,Diesel Service Technicians and Mechanics
510000,Production Occupations,Production Occupations
513021,Butchers and Meat Cutters,Butchers
333021,Detectives and Criminal Investigators,Police and Detectives
333031,Fish and Game Wardens,Police and Detectives
333051,Police and Sheriff's Patrol Officers,Police and Detectives
333052,Transit and Railroad Police,Police and Detectives
291181,Audiologists,Audiologists
192041,"Environmental Scientists and Specialists, Including Health",Environmental Scientists and Specialists
172112,Industrial Engineers,Industrial Engineers
113111,Compensation and Benefits Managers,Compensation and Benefits Managers
519061,"Inspectors, Testers, Sorters, Samplers, and Weighers",Quality Control Inspectors
172171,Petroleum Engineers,Petroleum Engineers
170000,Architecture and Engineering Occupations,Architecture and Engineering Occupations
291131,Veterinarians,Veterinarians
131121,"Meeting, Convention, and Event Planners","Meeting, Convention, and Event Planners"
493041,Farm Equipment Mechanics and Service Technicians,Heavy Vehicle and Mobile Equipment Service Technicians
493042,"Mobile Heavy Equipment Mechanics, Except Engines",Heavy Vehicle and Mobile Equipment Service Technicians
493043,Rail Car Repairers,Heavy Vehicle and Mobile Equipment Service Technicians
292071,Medical Records and Health Information Technicians,Medical Records and Health Information Technicians
473014,"Helpers--Painters, Paperhangers, Plasterers, and Stucco Masons",Construction Laborers and Helpers
473015,"Helpers--Pipelayers, Plumbers, Pipefitters, and Steamfitters",Construction Laborers and Helpers
473019,"Helpers, Construction Trades, All Other",Construction Laborers and Helpers
473013,Helpers--Electricians,Construction Laborers and Helpers
473012,Helpers--Carpenters,Construction Laborers and Helpers
473011,"Helpers--Brickmasons, Blockmasons, Stonemasons, and Tile and Marble Setters",Construction Laborers and Helpers
473016,Helpers--Roofers,Construction Laborers and Helpers
472061,Construction Laborers,Construction Laborers and Helpers
292052,Pharmacy Technicians,Pharmacy Technicians
519122,"Painters, Transportation Equipment",Painting and Coating Workers
519123,"Painting, Coating, and Decorating Workers",Painting and Coating Workers
519121,"Coating, Painting, and Spraying Machine Setters, Operators, and Tenders",Painting and Coating Workers
291127,Speech-Language Pathologists,Speech-Language Pathologists
113061,Purchasing Managers,Purchasing Managers
119033,"Education Administrators, Postsecondary",Postsecondary Education Administrators
172041,Chemical Engineers,Chemical Engineers
191031,Conservation Scientists,Conservation Scientists and Foresters
191032,Foresters,Conservation Scientists and Foresters
499043,"Maintenance Workers, Machinery","Industrial Machinery Mechanics, Machinery Maintenance Workers, and Millwrights"
499041,Industrial Machinery Mechanics,"Industrial Machinery Mechanics, Machinery Maintenance Workers, and Millwrights"
499044,Millwrights,"Industrial Machinery Mechanics, Machinery Maintenance Workers, and Millwrights"
292041,Emergency Medical Technicians and Paramedics,EMTs and Paramedics
472121,Glaziers,Glaziers
259041,Teacher Assistants,Teacher Assistants
534021,"Railroad Brake, Signal, and Switch Operators",Railroad Workers
534012,Locomotive Firers,Railroad Workers
534031,Railroad Conductors and Yardmasters,Railroad Workers
534013,"Rail Yard Engineers, Dinkey Operators, and Hostlers",Railroad Workers
534011,Locomotive Engineers,Railroad Workers
291011,Chiropractors,Chiropractors
151143,Computer Network Architects,Computer Network Architects
194041,Geological and Petroleum Technicians,Geological and Petroleum Technicians
131081,Logisticians,Logisticians
193092,Geographers,Geographers
310000,Healthcare Support Occupations,Healthcare Support Occupations
339032,Security Guards,Security Guards and Gaming Surveillance Officers
339031,Gaming Surveillance Officers and Gaming Investigators,Security Guards and Gaming Surveillance Officers
291151,Nurse Anesthetists,"Nurse Anesthetists, Nurse Midwives, and Nurse Practitioners"
291161,Nurse Midwives,"Nurse Anesthetists, Nurse Midwives, and Nurse Practitioners"
291171,Nurse Practitioners,"Nurse Anesthetists, Nurse Midwives, and Nurse Practitioners"
292081,"Opticians, Dispensing","Opticians, Dispensing"
532031,Flight Attendants,Flight Attendants
395094,Skincare Specialists,Skincare Specialists
113011,Administrative Services Managers,Administrative Services Managers
492022,"Telecommunications Equipment Installers and Repairers, Except Line Installers",Telecommunications Equipment Installers and Repairers
392011,Animal Trainers,Animal Care and Service Workers
392021,Nonfarm Animal Caretakers,Animal Care and Service Workers
533022,"Bus Drivers, School or Special Client",Bus Drivers
533021,"Bus Drivers, Transit and Intercity",Bus Drivers
132052,Personal Financial Advisors,Personal Financial Advisors
271024,Graphic Designers,Graphic Designers
499081,Wind Turbine Service Technicians,Wind Turbine Technicians
434031,"Court, Municipal, and License Clerks",Information Clerks
434061,"Eligibility Interviewers, Government Programs",Information Clerks
434111,"Interviewers, Except Eligibility and Loan",Information Clerks
434199,"Information and Record Clerks, All Other",Information Clerks
434161,"Human Resources Assistants, Except Payroll and Timekeeping",Information Clerks
434071,File Clerks,Information Clerks
434151,Order Clerks,Information Clerks
434021,Correspondence Clerks,Information Clerks
434181,Reservation and Transportation Ticket Agents and Travel Clerks,Information Clerks
434081,"Hotel, Motel, and Resort Desk Clerks",Information Clerks
273042,Technical Writers,Technical Writers
435031,"Police, Fire, and Ambulance Dispatchers","Police, Fire, and Ambulance Dispatchers"
514061,"Model Makers, Metal and Plastic",Metal and Plastic Machine Workers
514122,"Welding, Soldering, and Brazing Machine Setters, Operators, and Tenders",Metal and Plastic Machine Workers
514032,"Drilling and Boring Machine Tool Setters, Operators, and Tenders, Metal and Plastic",Metal and Plastic Machine Workers
514031,"Cutting, Punching, and Press Machine Setters, Operators, and Tenders, Metal and Plastic",Metal and Plastic Machine Workers
514193,"Plating and Coating Machine Setters, Operators, and Tenders, Metal and Plastic",Metal and Plastic Machine Workers
514051,Metal-Refining Furnace Operators and Tenders,Metal and Plastic Machine Workers
514062,"Patternmakers, Metal and Plastic",Metal and Plastic Machine Workers
514011,"Computer-Controlled Machine Tool Operators, Metal and Plastic",Metal and Plastic Machine Workers
514191,"Heat Treating Equipment Setters, Operators, and Tenders, Metal and Plastic",Metal and Plastic Machine Workers
514034,"Lathe and Turning Machine Tool Setters, Operators, and Tenders, Metal and Plastic",Metal and Plastic Machine Workers
514012,"Computer Numerically Controlled Machine Tool Programmers, Metal and Plastic",Metal and Plastic Machine Workers
514072,"Molding, Coremaking, and Casting Machine Setters, Operators, and Tenders, Metal and Plastic",Metal and Plastic Machine Workers
514023,"Rolling Machine Setters, Operators, and Tenders, Metal and Plastic",Metal and Plastic Machine Workers
514035,"Milling and Planing Machine Setters, Operators, and Tenders, Metal and Plastic",Metal and Plastic Machine Workers
514052,"Pourers and Casters, Metal",Metal and Plastic Machine Workers
514081,"Multiple Machine Tool Setters, Operators, and Tenders, Metal and Plastic",Metal and Plastic Machine Workers
514071,Foundry Mold and Coremakers,Metal and Plastic Machine Workers
514022,"Forging Machine Setters, Operators, and Tenders, Metal and Plastic",Metal and Plastic Machine Workers
514033,"Grinding/Lapping/Polishing/Buffing Machine Tool Setters, Operators, and Tenders, Metal and Pla",Metal and Plastic Machine Workers
514021,"Extruding and Drawing Machine Setters, Operators, and Tenders, Metal and Plastic",Metal and Plastic Machine Workers
434051,Customer Service Representatives,Customer Service Representatives
230000,Legal Occupations,Legal Occupations
211012,"Educational, Guidance, School, and Vocational Counselors",School and Career Counselors
211023,Mental Health and Substance Abuse Social Workers,Social Workers
211021,"Child, Family, and School Social Workers",Social Workers
211022,Healthcare Social Workers,Social Workers
211029,"Social Workers, All Other",Social Workers
152041,Statisticians,Statisticians
435061,"Production, Planning, and Expediting Clerks",Material Recording Clerks
435081,Stock Clerks and Order Fillers,Material Recording Clerks
435071,"Shipping, Receiving, and Traffic Clerks",Material Recording Clerks
435111,"Weighers, Measurers, Checkers, and Samplers, Recordkeeping",Material Recording Clerks
272042,Musicians and Singers,Musicians and Singers
537062,"Laborers and Freight, Stock, and Material Movers, Hand",Hand Laborers and Material Movers
537063,Machine Feeders and Offbearers,Hand Laborers and Material Movers
537081,Refuse and Recyclable Material Collectors,Hand Laborers and Material Movers
537064,"Packers and Packagers, Hand",Hand Laborers and Material Movers
537061,Cleaners of Vehicles and Equipment,Hand Laborers and Material Movers
291141,Registered Nurses,Registered Nurses
252011,"Preschool Teachers, Except Special Education",Preschool Teachers
291122,Occupational Therapists,Occupational Therapists
191022,Microbiologists,Microbiologists
413011,Advertising Sales Agents,Advertising Sales Agents
151152,Computer Network Support Specialists,Computer Support Specialists
151151,Computer User Support Specialists,Computer Support Specialists
192021,Atmospheric and Space Scientists,"Atmospheric Scientists, Including Meteorologists"
172021,Agricultural Engineers,Agricultural Engineers
151122,Information Security Analysts,Information Security Analysts
150000,Computer and Mathematical Occupations,Computer and Mathematical Occupations
271013,"Fine Artists, Including Painters, Sculptors, and Illustrators",Craft and Fine Artists
271012,Craft Artists,Craft and Fine Artists
271019,"Artists and Related Workers, All Other",Craft and Fine Artists
319091,Dental Assistants,Dental Assistants
399032,Recreation Workers,Recreation Workers
514121,"Welders, Cutters, Solderers, and Brazers","Welders, Cutters, Solderers, and Brazers"
292053,Psychiatric Technicians,Psychiatric Technicians and Aides
311013,Psychiatric Aides,Psychiatric Technicians and Aides
272023,"Umpires, Referees, and Other Sports Officials","Umpires, Referees, and Other Sports Officials"
273022,Reporters and Correspondents,"Reporters, Correspondents, and Broadcast News Analysts"
273021,Broadcast News Analysts,"Reporters, Correspondents, and Broadcast News Analysts"
319097,Phlebotomists,Phlebotomists
514041,Machinists,Machinists and Tool and Die Makers
514111,Tool and Die Makers,Machinists and Tool and Die Makers
231021,"Administrative Law Judges, Adjudicators, and Hearing Officers",Judges and Hearing Officers
231023,"Judges, Magistrate Judges, and Magistrates",Judges and Hearing Officers
274011,Audio and Video Equipment Technicians,Broadcast and Sound Engineering Technicians
274012,Broadcast Technicians,Broadcast and Sound Engineering Technicians
274014,Sound Engineering Technicians,Broadcast and Sound Engineering Technicians
272011,Actors,Actors
193093,Historians,Historians
173013,Mechanical Drafters,Drafters
173019,"Drafters, All Other",Drafters
173011,Architectural and Civil Drafters,Drafters
173012,Electrical and Electronics Drafters,Drafters
399031,Fitness Trainers and Aerobics Instructors,Fitness Trainers and Instructors
172161,Nuclear Engineers,Nuclear Engineers
333011,Bailiffs,Correctional Officers and Bailiffs
333012,Correctional Officers and Jailers,Correctional Officers and Bailiffs
436012,Legal Secretaries,Secretaries and Administrative Assistants
436011,Executive Secretaries and Executive Administrative Assistants,Secretaries and Administrative Assistants
436014,"Secretaries and Administrative Assistants, Except Legal, Medical, and Executive",Secretaries and Administrative Assistants
436013,Medical Secretaries,Secretaries and Administrative Assistants
292035,Magnetic Resonance Imaging Technologists,Radiologic and MRI Technologists
292034,Radiologic Technologists,Radiologic and MRI Technologists
518012,Power Distributors and Dispatchers,"Power Plant Operators, Distributors, and Dispatchers"
518013,Power Plant Operators,"Power Plant Operators, Distributors, and Dispatchers"
518011,Nuclear Power Reactor Operators,"Power Plant Operators, Distributors, and Dispatchers"
499052,Telecommunications Line Installers and Repairers,Line Installers and Repairers
499051,Electrical Power-Line Installers and Repairers,Line Installers and Repairers
111011,Chief Executives,Top Executives
111021,General and Operations Managers,Top Executives
152031,Operations Research Analysts,Operations Research Analysts
273031,Public Relations Specialists,Public Relations Specialists
171021,Cartographers and Photogrammetrists,Cartographers and Photogrammetrists
291126,Respiratory Therapists,Respiratory Therapists
119121,Natural Sciences Managers,Natural Sciences Managers
518021,Stationary Engineers and Boiler Operators,Stationary Engineers and Boiler Operators
119032,"Education Administrators, Elementary and Secondary School","Elementary, Middle, and High School Principals"
472141,"Painters, Construction and Maintenance","Painters, Construction and Maintenance"
271023,Floral Designers,Floral Designers
419031,Sales Engineers,Sales Engineers
533032,Heavy and Tractor-Trailer Truck Drivers,Heavy and Tractor-trailer Truck Drivers
391012,Slot Supervisors,Gaming Services Workers
393019,"Gaming Service Workers, All Other",Gaming Services Workers
393012,Gaming and Sports Book Writers and Runners,Gaming Services Workers
119071,Gaming Managers,Gaming Services Workers
391011,Gaming Supervisors,Gaming Services Workers
393011,Gaming Dealers,Gaming Services Workers
132021,Appraisers and Assessors of Real Estate,Appraisers and Assessors of Real Estate
399021,Personal Care Aides,Personal Care Aides
332011,Firefighters,Firefighters
172061,Computer Hardware Engineers,Computer Hardware Engineers
112031,Public Relations and Fundraising Managers,Public Relations and Fundraising Managers
172031,Biomedical Engineers,Biomedical Engineers
291124,Radiation Therapists,Radiation Therapists
191013,Soil and Plant Scientists,Agricultural and Food Scientists
191011,Animal Scientists,Agricultural and Food Scientists
191012,Food Scientists and Technologists,Agricultural and Food Scientists
370000,Building and Grounds Cleaning and Maintenance Occupations,Building and Grounds Cleaning and Maintenance Occupations
194091,"Environmental Science and Protection Technicians, Including Health",Environmental Science and Protection Technicians
332022,Forest Fire Inspectors and Prevention Specialists,Fire Inspectors
332021,Fire Inspectors and Investigators,Fire Inspectors
412011,Cashiers,Cashiers
454022,Logging Equipment Operators,Logging Workers
454021,Fallers,Logging Workers
454029,"Logging Workers, All Other",Logging Workers
454023,Log Graders and Scalers,Logging Workers
352021,Food Preparation Workers,Food Preparation Workers
232011,Paralegals and Legal Assistants,Paralegals and Legal Assistants
513011,Bakers,Bakers
191041,Epidemiologists,Epidemiologists
291021,"Dentists, General",Dentists
291029,"Dentists, All Other Specialists",Dentists
291023,Orthodontists,Dentists
291022,Oral and Maxillofacial Surgeons,Dentists
291024,Prosthodontists,Dentists
299091,Athletic Trainers,Athletic Trainers
113031,Financial Managers,Financial Managers
173025,Environmental Engineering Technicians,Environmental Engineering Technicians
472181,Roofers,Roofers
499071,"Maintenance and Repair Workers, General",General Maintenance and Repair Workers
173021,Aerospace Engineering and Operations Technicians,Aerospace Engineering and Operations Technicians
413021,Insurance Sales Agents,Insurance Sales Agents
533031,Driver/Sales Workers,Delivery Truck Drivers and Driver/Sales Workers
533033,Light Truck or Delivery Services Drivers,Delivery Truck Drivers and Driver/Sales Workers
353031,Waiters and Waitresses,Waiters and Waitresses
131151,Training and Development Specialists,Training and Development Specialists
472031,Carpenters,Carpenters
193041,Sociologists,Sociologists
190000,"Life, Physical, and Social Science Occupations","Life, Physical, and Social Science Occupations"
319011,Massage Therapists,Massage Therapists
395011,Barbers,"Barbers, Hairdressers, and Cosmetologists"
395012,"Hairdressers, Hairstylists, and Cosmetologists","Barbers, Hairdressers, and Cosmetologists"
372021,Pest Control Workers,Pest Control Workers
413031,"Securities, Commodities, and Financial Services Sales Agents","Securities, Commodities, and Financial Services Sales Agents"
352012,"Cooks, Institution and Cafeteria",Cooks
352015,"Cooks, Short Order",Cooks
352014,"Cooks, Restaurant",Cooks
352013,"Cooks, Private Household",Cooks
352019,"Cooks, All Other",Cooks
352011,"Cooks, Fast Food",Cooks
119031,"Education Administrators, Preschool and Childcare Center/Program",Preschool and Childcare Center Directors
291081,Podiatrists,Podiatrists
433031,"Bookkeeping, Accounting, and Auditing Clerks","Bookkeeping, Accounting, and Auditing Clerks"
173031,Surveying and Mapping Technicians,Surveying and Mapping Technicians
131131,Fundraisers,Fundraisers
119161,Emergency Management Directors,Emergency Management Directors
172081,Environmental Engineers,Environmental Engineers
390000,Personal Care and Service Occupations,Personal Care and Service Occupations
291065,"Pediatricians, General",Physicians and Surgeons
291062,Family and General Practitioners,Physicians and Surgeons
291069,"Physicians and Surgeons, All Other",Physicians and Surgeons
291061,Anesthesiologists,Physicians and Surgeons
291066,Psychiatrists,Physicians and Surgeons
291064,Obstetricians and Gynecologists,Physicians and Surgeons
291063,"Internists, General",Physicians and Surgeons
291067,Surgeons,Physicians and Surgeons
173022,Civil Engineering Technicians,Civil Engineering Technicians
452093,"Farmworkers, Farm, Ranch, and Aquacultural Animals",Agricultural Workers
452092,"Farmworkers and Laborers, Crop, Nursery, and Greenhouse",Agricultural Workers
452099,"Agricultural Workers, All Other",Agricultural Workers
452091,Agricultural Equipment Operators,Agricultural Workers
452021,Animal Breeders,Agricultural Workers
171011,"Architects, Except Landscape and Naval",Architects
532021,Air Traffic Controllers,Air Traffic Controllers
394031,"Morticians, Undertakers, and Funeral Directors",Funeral Service Workers
119061,Funeral Service Managers,Funeral Service Workers
519083,Ophthalmic Laboratory Technicians,Dental and Ophthalmic Laboratory Technicians and Medical Appliance Technicians
519081,Dental Laboratory Technicians,Dental and Ophthalmic Laboratory Technicians and Medical Appliance Technicians
519082,Medical Appliance Technicians,Dental and Ophthalmic Laboratory Technicians and Medical Appliance Technicians
113131,Training and Development Managers,Training and Development Managers
537041,Hoist and Winch Operators,Material Moving Machine Operators
537032,Excavating and Loading Machine and Dragline Operators,Material Moving Machine Operators
537031,Dredge Operators,Material Moving Machine Operators
537021,Crane and Tower Operators,Material Moving Machine Operators
537033,"Loading Machine Operators, Underground Mining",Material Moving Machine Operators
537011,Conveyor Operators and Tenders,Material Moving Machine Operators
537051,Industrial Truck and Tractor Operators,Material Moving Machine Operators
433051,Payroll and Timekeeping Clerks,Financial Clerks
439041,Insurance Claims and Policy Processing Clerks,Financial Clerks
434131,Loan Interviewers and Clerks,Financial Clerks
433041,Gaming Cage Workers,Financial Clerks
434011,Brokerage Clerks,Financial Clerks
433061,Procurement Clerks,Financial Clerks
434041,"Credit Authorizers, Checkers, and Clerks",Financial Clerks
434141,New Accounts Clerks,Financial Clerks
433021,Billing and Posting Clerks,Financial Clerks
211093,Social and Human Service Assistants,Social and Human Service Assistants
474011,Construction and Building Inspectors,Construction and Building Inspectors
330000,Protective Service Occupations,Protective Service Occupations
430000,Office and Administrative Support Occupations,Office and Administrative Support Occupations
312012,Occupational Therapy Aides,Occupational Therapy Assistants and Aides
312011,Occupational Therapy Assistants,Occupational Therapy Assistants and Aides
112022,Sales Managers,Sales Managers
439061,"Office Clerks, General",General Office Clerks
193091,Anthropologists and Archeologists,Anthropologists and Archeologists
192042,"Geoscientists, Except Hydrologists and Geographers",Geoscientists
112021,Marketing Managers,"Advertising, Promotions, and Marketing Managers"
112011,Advertising and Promotions Managers,"Advertising, Promotions, and Marketing Managers"
173024,Electro-Mechanical Technicians,Electro-mechanical Technicians
151141,Database Administrators,Database Administrators
132081,"Tax Examiners and Collectors, and Revenue Agents","Tax Examiners and Collectors, and Revenue Agents"
292033,Nuclear Medicine Technologists,Nuclear Medicine Technologists
193011,Economists,Economists
413041,Travel Agents,Travel Agents
493011,Aircraft Mechanics and Service Technicians,Aircraft and Avionics Equipment Mechanics and Technicians
492091,Avionics Technicians,Aircraft and Avionics Equipment Mechanics and Technicians
151111,Computer and Information Research Scientists,Computer and Information Research Scientists
211011,Substance Abuse and Behavioral Disorder Counselors,Substance Abuse and Behavioral Disorder Counselors
339021,Private Detectives and Investigators,Private Detectives and Investigators
131051,Cost Estimators,Cost Estimators
419012,Models,Models
270000,"Arts, Design, Entertainment, Sports, and Media Occupations","Arts, Design, Entertainment, Sports, and Media Occupations"
113121,Human Resources Managers,Human Resources Managers
211015,Rehabilitation Counselors,Rehabilitation Counselors
211094,Community Health Workers,Health Educators and Community Health Workers
211091,Health Educators,Health Educators and Community Health Workers
131071,Human Resources Specialists,Human Resources Specialists
191042,"Medical Scientists, Except Epidemiologists",Medical Scientists
131161,Market Research Analysts and Marketing Specialists,Market Research Analysts
173023,Electrical and Electronics Engineering Technicians,Electrical and Electronics Engineering Technicians
291123,Physical Therapists,Physical Therapists
434171,Receptionists and Information Clerks,Receptionists
272032,Choreographers,Dancers and Choreographers
272031,Dancers,Dancers and Choreographers
172051,Civil Engineers,Civil Engineers
472072,Pile-Driver Operators,Construction Equipment Operators
472071,"Paving, Surfacing, and Tamping Equipment Operators",Construction Equipment Operators
472073,Operating Engineers and Other Construction Equipment Operators,Construction Equipment Operators
472231,Solar Photovoltaic Installers,Solar Photovoltaic Installers
419022,Real Estate Sales Agents,Real Estate Brokers and Sales Agents
419021,Real Estate Brokers,Real Estate Brokers and Sales Agents
259031,Instructional Coordinators,Instructional Coordinators
273011,Radio and Television Announcers,Announcers
273012,Public Address System and Other Announcers,Announcers
454011,Forest and Conservation Workers,Forest and Conservation Workers
254021,Librarians,Librarians
252022,"Middle School Teachers, Except Special and Career/Technical Education",Middle School Teachers
132053,Insurance Underwriters,Insurance Underwriters
211092,Probation Officers and Correctional Treatment Specialists,Probation Officers and Correctional Treatment Specialists
472011,Boilermakers,Boilermakers
512021,"Coil Winders, Tapers, and Finishers",Assemblers and Fabricators
512022,Electrical and Electronic Equipment Assemblers,Assemblers and Fabricators
512041,Structural Metal Fabricators and Fitters,Assemblers and Fabricators
512093,Timing Device Assemblers and Adjusters,Assemblers and Fabricators
512011,"Aircraft Structure, Surfaces, Rigging, and Systems Assemblers",Assemblers and Fabricators
512092,Team Assemblers,Assemblers and Fabricators
512091,Fiberglass Laminators and Fabricators,Assemblers and Fabricators
512031,Engine and Other Machine Assemblers,Assemblers and Fabricators
512099,"Assemblers and Fabricators, All Other",Assemblers and Fabricators
512023,Electromechanical Equipment Assemblers,Assemblers and Fabricators
472082,Tapers,"Drywall and Ceiling Tile Installers, and Tapers"
472081,Drywall and Ceiling Tile Installers,"Drywall and Ceiling Tile Installers, and Tapers"
231022,"Arbitrators, Mediators, and Conciliators","Arbitrators, Mediators, and Conciliators"
274032,Film and Video Editors,Film and Video Editors and Camera Operators
274031,"Camera Operators, Television, Video, and Motion Picture",Film and Video Editors and Camera Operators
132011,Accountants and Auditors,Accountants and Auditors
171022,Surveyors,Surveyors
350000,Food Preparation and Serving Related Occupations,Food Preparation and Serving Related Occupations
291051,Pharmacists,Pharmacists
272012,Producers and Directors,Producers and Directors
273043,Writers and Authors,Writers and Authors
291071,Physician Assistants,Physician Assistants
252031,"Secondary School Teachers, Except Special and Career/Technical Education",High School Teachers
513099,"Food Processing Workers, All Other",Food and Tobacco Processing Workers
513091,"Food and Tobacco Roasting, Baking, and Drying Machine Operators and Tenders",Food and Tobacco Processing Workers
513092,Food Batchmakers,Food and Tobacco Processing Workers
513093,Food Cooking Machine Operators and Tenders,Food and Tobacco Processing Workers
253011,Adult Basic and Secondary Education and Literacy Teachers and Instructors,Adult Literacy and High School Equivalency Diploma Teachers
172011,Aerospace Engineers,Aerospace Engineers
119021,Construction Managers,Construction Managers
131023,"Purchasing Agents, Except Wholesale, Retail, and Farm Products",Buyers and Purchasing Agents
131022,"Wholesale and Retail Buyers, Except Farm Products",Buyers and Purchasing Agents
131021,"Buyers and Purchasing Agents, Farm Products",Buyers and Purchasing Agents
152011,Actuaries,Actuaries
292011,Medical and Clinical Laboratory Technologists,Medical and Clinical Laboratory Technologists and Technicians
292012,Medical and Clinical Laboratory Technicians,Medical and Clinical Laboratory Technologists and Technicians
311011,Home Health Aides,Home Health Aides
194051,Nuclear Technicians,Nuclear Technicians
291041,Optometrists,Optometrists
412022,Parts Salespersons,Retail Sales Workers
412031,Retail Salespersons,Retail Sales Workers
292056,Veterinary Technologists and Technicians,Veterinary Technologists and Technicians
435052,Postal Service Mail Carriers,Postal Service Workers
435053,"Postal Service Mail Sorters, Processors, and Processing Machine Operators",Postal Service Workers
435051,Postal Service Clerks,Postal Service Workers
395092,Manicurists and Pedicurists,Manicurists and Pedicurists
191021,Biochemists and Biophysicists,Biochemists and Biophysicists
172121,Marine Engineers and Naval Architects,Marine Engineers and Naval Architects
151134,Web Developers,Web Developers
311015,Orderlies,Nursing Assistants and Orderlies
311014,Nursing Assistants,Nursing Assistants and Orderlies
274021,Photographers,Photographers
273091,Interpreters and Translators,Interpreters and Translators
292055,Surgical Technologists,Surgical Technologists
131031,"Claims Adjusters, Examiners, and Investigators","Claims Adjusters, Appraisers, Examiners, and Investigators"
131032,"Insurance Appraisers, Auto Damage","Claims Adjusters, Appraisers, Examiners, and Investigators"
119013,"Farmers, Ranchers, and Other Agricultural Managers","Farmers, Ranchers, and Other Agricultural Managers"
110000,Management Occupations,Management Occupations
271022,Fashion Designers,Fashion Designers
119141,"Property, Real Estate, and Community Association Managers","Property, Real Estate, and Community Association Managers"
474041,Hazardous Materials Removal Workers,Hazardous Materials Removal Workers
272041,Music Directors and Composers,Music Directors and Composers
251124,"Foreign Language and Literature Teachers, Postsecondary",Postsecondary Teachers
251123,"English Language and Literature Teachers, Postsecondary",Postsecondary Teachers
251081,"Education Teachers, Postsecondary",Postsecondary Teachers
251082,"Library Science Teachers, Postsecondary",Postsecondary Teachers
251031,"Architecture Teachers, Postsecondary",Postsecondary Teachers
251072,"Nursing Instructors and Teachers, Postsecondary",Postsecondary Teachers
251069,"Social Sciences Teachers, Postsecondary, All Other",Postsecondary Teachers
251021,"Computer Science Teachers, Postsecondary",Postsecondary Teachers
251052,"Chemistry Teachers, Postsecondary",Postsecondary Teachers
251061,"Anthropology and Archeology Teachers, Postsecondary",Postsecondary Teachers
251066,"Psychology Teachers, Postsecondary",Postsecondary Teachers
251113,"Social Work Teachers, Postsecondary",Postsecondary Teachers
251122,"Communications Teachers, Postsecondary",Postsecondary Teachers
251062,"Area, Ethnic, and Cultural Studies Teachers, Postsecondary",Postsecondary Teachers
251126,"Philosophy and Religion Teachers, Postsecondary",Postsecondary Teachers
251022,"Mathematical Science Teachers, Postsecondary",Postsecondary Teachers
251053,"Environmental Science Teachers, Postsecondary",Postsecondary Teachers
251051,"Atmospheric, Earth, Marine, and Space Sciences Teachers, Postsecondary",Postsecondary Teachers
251043,"Forestry and Conservation Science Teachers, Postsecondary",Postsecondary Teachers
251042,"Biological Science Teachers, Postsecondary",Postsecondary Teachers
251011,"Business Teachers, Postsecondary",Postsecondary Teachers
251064,"Geography Teachers, Postsecondary",Postsecondary Teachers
251032,"Engineering Teachers, Postsecondary",Postsecondary Teachers
251041,"Agricultural Sciences Teachers, Postsecondary",Postsecondary Teachers
251071,"Health Specialties Teachers, Postsecondary",Postsecondary Teachers
251063,"Economics Teachers, Postsecondary",Postsecondary Teachers
251065,"Political Science Teachers, Postsecondary",Postsecondary Teachers
251054,"Physics Teachers, Postsecondary",Postsecondary Teachers
251111,"Criminal Justice and Law Enforcement Teachers, Postsecondary",Postsecondary Teachers
251121,"Art, Drama, and Music Teachers, Postsecondary",Postsecondary Teachers
251067,"Sociology Teachers, Postsecondary",Postsecondary Teachers
251125,"History Teachers, Postsecondary",Postsecondary Teachers
251112,"Law Teachers, Postsecondary",Postsecondary Teachers
231011,Lawyers,Lawyers
291031,Dietitians and Nutritionists,Dietitians and Nutritionists
291125,Recreational Therapists,Recreational Therapists
193094,Political Scientists,Political Scientists
172131,Materials Engineers,Materials Engineers
131141,"Compensation, Benefits, and Job Analysis Specialists","Compensation, Benefits, and Job Analysis Specialists"
532012,Commercial Pilots,Airline and Commercial Pilots
532011,"Airline Pilots, Copilots, and Flight Engineers",Airline and Commercial Pilots
171012,Landscape Architects,Landscape Architects
492095,"Electrical and Electronics Repairers, Powerhouse, Substation, and Relay",Electrical and Electronics Installers and Repairers
492096,"Electronic Equipment Installers and Repairers, Motor Vehicles",Electrical and Electronics Installers and Repairers
492092,"Electric Motor, Power Tool, and Related Repairers",Electrical and Electronics Installers and Repairers
492094,"Electrical and Electronics Repairers, Commercial and Industrial Equipment",Electrical and Electronics Installers and Repairers
492093,"Electrical and Electronics Installers and Repairers, Transportation Equipment",Electrical and Electronics Installers and Repairers
530000,Transportation and Material Moving Occupations,Transportation and Material Moving Occupations
000000,All Occupations,All Occupations
319096,Veterinary Assistants and Laboratory Animal Caretakers,Veterinary Assistants and Laboratory Animal Caretakers
119041,Architectural and Engineering Managers,Architectural and Engineering Managers
351011,Chefs and Head Cooks,Chefs and Head Cooks
119081,Lodging Managers,Lodging Managers
493021,Automotive Body and Related Repairers,Automotive Body and Glass Repairers
493022,Automotive Glass Installers and Repairers,Automotive Body and Glass Repairers
499021,"Heating, Air Conditioning, and Refrigeration Mechanics and Installers","Heating, Air Conditioning, and Refrigeration Mechanics and Installers"
173027,Mechanical Engineering Technicians,Mechanical Engineering Technicians
472171,Reinforcing Iron and Rebar Workers,Ironworkers
472221,Structural Iron and Steel Workers,Ironworkers
131075,Labor Relations Specialists,Labor Relations Specialists
192012,Physicists,Physicists and Astronomers
192011,Astronomers,Physicists and Astronomers
292091,Orthotists and Prosthetists,Orthotists and Prosthetists
271014,Multimedia Artists and Animators,Multimedia Artists and Animators
152021,Mathematicians,Mathematicians
533041,Taxi Drivers and Chauffeurs,Taxi Drivers and Chauffeurs
433071,Tellers,Tellers
194031,Chemical Technicians,Chemical Technicians
272022,Coaches and Scouts,Coaches and Scouts
252023,"Career/Technical Education Teachers, Middle School",Career and Technical Education Teachers
251194,"Vocational Education Teachers, Postsecondary",Career and Technical Education Teachers
252032,"Career/Technical Education Teachers, Secondary School",Career and Technical Education Teachers
173026,Industrial Engineering Technicians,Industrial Engineering Technicians
319092,Medical Assistants,Medical Assistants
450000,"Farming, Fishing, and Forestry Occupations","Farming, Fishing, and Forestry Occupations"
252051,"Special Education Teachers, Preschool",Special Education Teachers
252053,"Special Education Teachers, Middle School",Special Education Teachers
252052,"Special Education Teachers, Kindergarten and Elementary School",Special Education Teachers
252054,"Special Education Teachers, Secondary School",Special Education Teachers
472132,"Insulation Workers, Mechanical",Insulation Workers
472131,"Insulation Workers, Floor, Ceiling, and Wall",Insulation Workers
172071,Electrical Engineers,Electrical and Electronics Engineers
172072,"Electronics Engineers, Except Computer",Electrical and Electronics Engineers
319094,Medical Transcriptionists,Medical Transcriptionists
151121,Computer Systems Analysts,Computer Systems Analysts
113051,Industrial Production Managers,Industrial Production Managers
434121,"Library Assistants, Clerical",Library Technicians and Assistants
254031,Library Technicians,Library Technicians and Assistants
472211,Sheet Metal Workers,Sheet Metal Workers
372011,"Janitors and Cleaners, Except Maids and Housekeeping Cleaners",Janitors and Building Cleaners
130000,Business and Financial Operations Occupations,Business and Financial Operations Occupations
151131,Computer Programmers,Computer Programmers
472152,"Plumbers, Pipefitters, and Steamfitters","Plumbers, Pipefitters, and Steamfitters"
519071,Jewelers and Precious Stone and Metal Workers,Jewelers and Precious Stone and Metal Workers
292031,Cardiovascular Technologists and Technicians,"Diagnostic Medical Sonographers and Cardiovascular Technologists and Technicians, Including Vascular Technologists"
292032,Diagnostic Medical Sonographers,"Diagnostic Medical Sonographers and Cardiovascular Technologists and Technicians, Including Vascular Technologists"
472042,"Floor Layers, Except Carpet, Wood, and Hard Tiles",Flooring Installers and Tile and Marble Setters
472041,Carpet Installers,Flooring Installers and Tile and Marble Setters
472043,Floor Sanders and Finishers,Flooring Installers and Tile and Marble Setters
472044,Tile and Marble Setters,Flooring Installers and Tile and Marble Setters
359099,"Food Preparation and Serving Related Workers, All Other",Food and Beverage Serving and Related Workers
353041,"Food Servers, Nonrestaurant",Food and Beverage Serving and Related Workers
353021,"Combined Food Preparation and Serving Workers, Including Fast Food",Food and Beverage Serving and Related Workers
359031,"Hosts and Hostesses, Restaurant, Lounge, and Coffee Shop",Food and Beverage Serving and Related Workers
353022,"Counter Attendants, Cafeteria, Food Concession, and Coffee Shop",Food and Beverage Serving and Related Workers
359011,Dining Room and Cafeteria Attendants and Bartender Helpers,Food and Beverage Serving and Related Workers
172111,"Health and Safety Engineers, Except Mining Safety Engineers and Inspectors",Health and Safety Engineers
194011,Agricultural and Food Science Technicians,Agricultural and Food Science Technicians
132061,Financial Examiners,Financial Examiners
119111,Medical and Health Services Managers,Medical and Health Services Managers
410000,Sales and Related Occupations,Sales and Related Occupations
192031,Chemists,Chemists and Materials Scientists
192032,Materials Scientists,Chemists and Materials Scientists
312021,Physical Therapist Assistants,Physical Therapist Assistants and Aides
312022,Physical Therapist Aides,Physical Therapist Assistants and Aides
273041,Editors,Editors
472111,Electricians,Electricians
211014,Mental Health Counselors,Mental Health Counselors and Marriage and Family Therapists
211013,Marriage and Family Therapists,Mental Health Counselors and Marriage and Family Therapists
271021,Commercial and Industrial Designers,Industrial Designers
470000,Construction and Extraction Occupations,Construction and Extraction Occupations
191023,Zoologists and Wildlife Biologists,Zoologists and Wildlife Biologists
151142,Network and Computer Systems Administrators,Network and Computer Systems Administrators
